<?xml version="1.0" encoding="UTF-8"?>
<project-private xmlns="http://www.netbeans.org/ns/project-private/1">
    <editor-bookmarks xmlns="http://www.netbeans.org/ns/editor-bookmarks/2" lastBookmarkId="0"/>
    <open-files xmlns="http://www.netbeans.org/ns/projectui-open-files/2">
        <group>
            <file>file:/opt/lampp/htdocs/kd/insertAep2.php</file>
            <file>file:/opt/lampp/htdocs/kd/insertAep4.php</file>
            <file>file:/opt/lampp/htdocs/kd/insertAep.php</file>
            <file>file:/opt/lampp/htdocs/kd/insertAep6.php</file>
            <file>file:/opt/lampp/htdocs/kd/insertAep5.php</file>
        </group>
    </open-files>
</project-private>
